{
  "created_at": "2026-07-11T15:48:22.478757+00:00",
  "goldset_sha256": "a01184eba0c148e04f3026ef3e214deee72f926de2437d0771747b2dea8396a4",
  "goldset_size": 48,
  "max_regression": 0.02,
  "schema_version": 2,
  "sparse": {
    "all": {
      "hit_at_1": 0.7083333333333334,
      "hit_at_5": 1.0,
      "mrr_at_10": 0.8236111111111111,
      "n": 48,
      "ndcg_at_10": 0.864526594648131,
      "recall_at_20": 1.0
    },
    "heldout": {
      "hit_at_1": 0.75,
      "hit_at_5": 1.0,
      "mrr_at_10": 0.8555555555555556,
      "n": 24,
      "ndcg_at_10": 0.8851305902603803,
      "recall_at_20": 1.0
    },
    "tune": {
      "hit_at_1": 0.6666666666666666,
      "hit_at_5": 1.0,
      "mrr_at_10": 0.7916666666666666,
      "n": 24,
      "ndcg_at_10": 0.8439225990358815,
      "recall_at_20": 1.0
    }
  }
}
